ID,Year_Birth,Education,Marital_Status,Income,Kidhome,Teenhome,Dt_Customer,Recency,MntWines,MntFruits,MntMeatProducts,MntFishProducts,MntSweetProducts,MntGoldProds,NumDealsPurchases,NumWebPurchases,NumCatalogPurchases,NumStorePurchases,NumWebVisitsMonth,AcceptedCmp3,AcceptedCmp4,AcceptedCmp5,AcceptedCmp1,AcceptedCmp2,Complain,Z_CostContact,Z_Revenue
5871,1979,Master,Together,24401.0,0,0,2012-08-31,98,73,28,217,10,24,115,3,6,1,6,8,0,0,0,0,0,0,3,11
5147,1948,Graduation,Single,90842.0,0,0,2013-07-29,57,774,70,118,182,187,93,1,4,9,13,1,0,0,0,0,0,0,3,11
5299,1970,PhD,Married,69084.0,1,0,2013-11-19,43,1181,107,199,39,30,30,2,7,3,13,8,0,0,0,0,0,0,3,11
9220,1971,Graduation,Single,91700.0,0,0,2013-01-17,58,576,172,961,125,115,19,1,8,6,5,3,0,0,0,0,0,0,3,11
1384,1992,Basic,Married,17256.0,1,0,2013-11-23,10,6,4,14,8,8,22,2,2,1,2,8,1,0,0,0,0,0,3,11
3009,1962,PhD,Widow,71670.0,0,0,2013-07-09,8,1462,16,128,0,0,160,1,5,3,6,6,0,1,1,0,1,0,3,11
6497,1960,Graduation,Married,51651.0,0,1,2012-11-07,32,293,6,23,13,6,92,4,6,2,5,8,0,0,0,0,0,0,3,11
4186,1950,Graduation,Together,34026.0,1,1,2013-08-05,11,18,6,15,12,8,17,3,2,1,3,5,0,0,0,0,0,0,3,11
1241,1984,2n Cycle,Married,14796.0,1,0,2012-09-17,1,13,3,8,7,4,16,2,1,0,3,9,0,0,0,0,0,0,3,11
7349,1973,Basic,Together,9722.0,1,0,2012-10-02,7,6,17,16,6,16,42,4,3,1,3,8,0,0,0,0,0,0,3,11
4646,1951,2n Cycle,Married,78497.0,0,0,2013-12-01,44,207,26,447,75,0,223,1,5,7,12,2,0,0,0,1,0,0,3,11
3321,1967,PhD,Together,56575.0,0,2,2013-05-05,42,421,5,90,0,16,10,3,7,3,7,5,0,0,0,0,0,0,3,11
193,1996,Basic,Married,14421.0,0,0,2014-02-17,81,0,0,2,3,3,8,1,1,0,2,5,1,0,0,0,0,0,3,11
2936,1982,Master,Together,23661.0,1,0,2013-12-04,46,18,0,4,0,0,1,1,1,0,3,7,0,0,0,0,0,0,3,11
5626,1964,PhD,Single,61798.0,0,0,2013-11-23,13,338,4,89,11,8,13,1,4,2,9,4,0,0,0,0,0,0,3,11
6173,1979,Graduation,Together,77298.0,0,1,2013-11-02,46,425,115,292,23,35,79,1,6,6,11,3,0,0,0,0,0,0,3,11
49,1970,Graduation,Single,20587.0,1,0,2014-05-11,39,2,3,6,4,1,9,1,1,1,2,7,0,0,0,0,0,0,3,11
2154,1971,Graduation,Widow,30372.0,1,1,2012-12-25,33,15,0,12,7,3,7,3,2,0,3,7,0,0,0,0,0,0,3,11
2157,1972,Graduation,Together,26290.0,1,1,2013-01-12,49,15,8,16,11,5,22,4,2,0,4,6,0,0,0,0,0,0,3,11
1911,1987,Graduation,Together,67430.0,0,0,2012-09-05,6,595,97,291,127,133,121,1,11,5,12,6,0,0,0,0,0,0,3,11
6504,1975,2n Cycle,Together,19789.0,1,0,2013-11-20,24,2,5,9,28,6,28,3,2,1,3,5,1,0,0,0,0,0,3,11
8427,1956,Master,Single,64857.0,0,0,2012-11-23,78,556,14,717,210,0,43,1,7,5,10,4,0,0,0,0,0,0,3,11
4530,1948,Master,Widow,78427.0,0,0,2012-10-24,36,972,19,595,180,26,138,3,3,7,10,3,0,0,0,1,0,0,3,11
2278,1985,2n Cycle,Single,33812.0,1,0,2012-11-03,86,4,17,19,30,24,39,2,2,1,3,6,0,0,0,0,0,0,3,11
9907,1969,Master,Together,66476.0,0,1,2013-12-04,80,742,28,152,25,9,57,2,6,8,10,4,0,0,0,0,0,0,3,11
5555,1975,Graduation,Divorced,153924.0,0,0,2014-02-07,81,1,1,1,1,1,1,0,0,0,0,0,0,0,0,0,0,0,3,11
9653,1975,Graduation,Married,35797.0,0,1,2012-10-16,16,27,1,14,4,1,21,2,2,0,3,8,0,0,0,0,0,0,3,11
359,1950,Graduation,Together,48070.0,0,1,2013-01-13,33,373,14,83,6,9,19,3,8,2,6,7,0,0,0,0,0,1,3,11
4002,1960,PhD,Married,77037.0,0,1,2013-10-13,3,463,96,333,168,53,10,1,7,7,12,3,0,0,0,0,0,0,3,11
5534,1975,Master,Married,47808.0,0,1,2013-10-20,30,123,1,26,2,0,72,2,3,2,3,7,1,0,0,0,0,0,3,11
2286,1962,Graduation,Single,50785.0,1,1,2013-09-10,27,64,1,21,0,1,27,2,2,1,3,6,0,0,0,0,0,0,3,11
4944,1959,Graduation,Together,71367.0,0,0,2013-08-23,24,227,23,389,42,21,75,1,4,5,7,2,0,0,0,0,0,0,3,11
6518,1951,PhD,Widow,67680.0,0,1,2013-06-11,8,546,0,48,0,6,6,1,7,3,8,5,0,0,0,0,0,0,3,11
5332,1960,2n Cycle,Married,82504.0,0,0,2013-07-27,2,362,50,431,134,35,54,1,3,6,7,1,0,0,0,0,0,0,3,11
9029,1972,PhD,Married,70116.0,0,0,2013-01-26,73,707,44,603,95,58,29,1,2,8,12,1,0,0,0,0,0,0,3,11
1650,1960,Master,Married,81843.0,0,0,2013-04-22,13,779,86,537,34,69,138,1,5,9,12,3,0,0,0,0,0,0,3,11
5156,1970,2n Cycle,Married,62466.0,0,1,2014-01-15,13,129,129,259,168,121,83,5,6,3,12,4,0,0,0,0,0,0,3,11
4599,1976,Master,Married,49681.0,0,2,2013-11-04,66,411,0,26,0,0,21,6,7,1,7,7,0,0,0,0,0,0,3,11
10573,1953,Graduation,Divorced,62551.0,0,0,2013-11-18,27,125,16,98,134,21,27,1,6,7,4,3,1,0,0,0,0,0,3,11
6384,1978,Graduation,Divorced,71022.0,0,1,2014-02-11,30,909,12,278,0,12,242,3,5,2,11,8,1,0,0,0,0,0,3,11
895,1948,PhD,Married,61467.0,0,2,2012-12-09,69,410,16,114,0,5,49,3,5,2,10,5,0,0,0,0,0,0,3,11
10500,1984,Graduation,Married,31761.0,1,0,2014-04-05,96,19,1,20,16,14,28,2,3,0,4,5,0,0,0,0,0,0,3,11
4437,1962,Graduation,Married,65316.0,1,1,2013-04-24,65,112,6,92,3,9,38,2,3,2,5,4,0,0,0,0,0,0,3,11
5995,1962,Graduation,Divorced,39552.0,1,1,2012-12-18,54,165,3,147,4,24,41,7,6,2,5,8,0,0,0,0,0,0,3,11
2918,1981,Graduation,Divorced,28510.0,1,1,2013-04-13,72,44,5,19,0,4,19,3,2,0,4,5,0,0,0,0,0,0,3,11
1968,1971,Graduation,Widow,45684.0,1,0,2013-12-02,37,5,1,5,10,0,7,1,1,0,2,7,0,0,0,0,0,0,3,11
10140,1983,PhD,Together,70123.0,0,0,2013-09-28,27,1308,0,396,23,0,0,1,5,7,4,3,0,1,0,0,1,0,3,11
3830,1953,Master,Married,59354.0,0,2,2014-04-24,59,295,21,78,39,13,13,1,4,4,7,3,0,0,0,0,0,0,3,11
3011,1965,Graduation,Married,69139.0,0,1,2014-01-27,23,86,12,75,33,15,6,1,4,1,5,4,0,0,0,0,0,0,3,11
202,1948,PhD,Widow,82032.0,0,0,2014-04-05,54,332,194,377,149,125,57,0,4,6,7,1,0,0,0,0,0,0,3,11
4838,1978,Graduation,Together,22775.0,1,0,2013-06-19,40,5,1,8,0,0,1,1,1,0,2,8,0,0,0,0,0,0,3,11
11025,1961,Graduation,Married,36443.0,1,1,2013-02-03,9,65,0,46,4,3,20,4,3,1,3,8,0,0,0,0,0,0,3,11
5324,1981,PhD,Married,58293.0,1,0,2014-01-19,94,173,43,118,46,27,15,5,5,3,6,5,0,0,0,0,0,0,3,11
6246,1953,Graduation,Single,73892.0,0,0,2013-11-13,40,703,102,601,0,58,43,1,3,11,8,1,0,0,0,0,0,0,3,11
6248,1947,Master,Single,91712.0,0,0,2013-10-17,47,1276,24,746,94,29,48,0,9,7,11,3,0,0,1,0,0,0,3,11
2106,1974,2n Cycle,Married,20130.0,0,0,2014-03-17,99,0,6,3,7,6,12,1,1,0,3,8,0,0,0,0,0,0,3,11
1448,1963,Master,Married,33562.0,1,2,2014-06-25,33,21,12,12,0,3,3,3,2,0,4,4,0,0,0,0,0,0,3,11
3439,1972,Graduation,Married,56721.0,1,1,2012-10-31,64,157,6,39,6,13,75,5,4,1,5,6,0,0,0,0,0,0,3,11
1100,1960,Master,Together,41275.0,1,2,2014-03-24,33,24,4,22,0,2,9,4,3,1,3,5,0,0,0,0,0,0,3,11
6605,1944,PhD,Divorced,55614.0,0,0,2013-11-27,85,504,13,131,8,0,26,1,9,4,6,7,0,1,0,0,0,0,3,11
8775,1969,Graduation,Together,38361.0,1,0,2013-12-27,74,39,0,56,20,8,14,3,3,1,3,7,0,0,0,0,0,0,3,11
2831,1976,Graduation,Together,78416.0,0,1,2014-06-27,99,453,38,279,188,38,183,2,7,7,10,3,0,0,0,0,0,0,3,11
6445,1967,Graduation,Together,66825.0,0,0,2013-07-14,73,243,101,405,29,40,40,1,4,5,6,2,0,0,0,0,0,0,3,11
8700,1986,Basic,Single,14906.0,0,0,2012-12-22,86,7,7,14,7,16,15,3,2,1,3,7,0,0,0,0,0,0,3,11
4518,1979,Graduation,Together,85693.0,0,1,2013-04-20,59,386,172,183,185,132,111,2,9,5,11,5,0,0,0,0,0,0,3,11
1878,1985,2n Cycle,Married,23148.0,0,0,2014-02-18,83,4,6,8,6,3,10,1,2,0,3,7,0,0,0,0,0,0,3,11
10868,1951,Graduation,Widow,70792.0,0,0,2013-02-06,82,344,45,654,104,11,114,2,3,4,10,3,0,0,0,0,0,0,3,11
10779,1983,Graduation,Single,22148.0,0,0,2014-04-13,16,15,5,14,0,4,11,1,1,0,3,7,0,0,0,0,0,0,3,11
7414,1971,Graduation,Married,43824.0,1,1,2012-09-15,18,96,1,42,12,3,32,4,3,1,4,8,0,0,0,0,0,0,3,11
1628,1971,Graduation,Together,71796.0,0,0,2013-10-24,54,354,21,311,167,75,32,1,9,3,4,4,0,0,0,0,0,0,3,11
2379,1953,Graduation,Single,69267.0,0,0,2012-09-22,31,778,44,499,95,73,146,2,3,4,5,7,0,0,0,0,0,0,3,11
3174,1959,Graduation,Together,87771.0,0,1,2013-05-22,61,1492,38,287,50,57,33,1,5,10,4,6,0,1,1,1,1,0,3,11
4554,1965,Graduation,Together,47009.0,0,1,2013-10-01,89,171,45,73,59,10,90,4,3,2,8,4,0,0,0,0,0,0,3,11
1183,1949,Master,Married,36408.0,1,1,2013-09-21,11,9,1,4,3,2,3,1,1,0,2,6,0,0,0,0,0,0,3,11
5935,1956,Master,Single,55284.0,0,1,2012-12-24,60,547,7,140,0,7,63,3,7,5,8,5,0,0,0,0,0,0,3,11
7261,1971,Graduation,Together,34600.0,1,1,2013-01-01,8,199,33,60,8,3,15,5,5,2,5,8,0,0,0,0,0,0,3,11
4478,1979,Graduation,Married,63777.0,1,1,2013-03-24,87,457,5,106,15,17,53,8,11,1,6,8,0,0,0,0,0,0,3,11
6872,1974,PhD,Married,65352.0,0,1,2013-08-21,43,284,3,84,4,7,23,2,4,2,8,4,0,0,0,0,0,0,3,11
2488,1956,2n Cycle,Divorced,31395.0,1,1,2013-03-23,80,23,1,25,0,8,7,4,2,1,3,6,0,0,0,0,0,0,3,11
9483,1959,Graduation,Together,57957.0,0,1,2013-08-19,24,290,59,177,77,5,29,7,4,6,8,3,0,0,0,0,0,1,3,11
6653,1970,PhD,Married,55158.0,1,1,2012-07-30,72,293,0,87,4,11,23,4,7,2,5,7,0,0,0,0,0,0,3,11
3896,1984,Graduation,Married,27255.0,1,0,2013-11-07,3,22,1,11,0,1,2,1,1,0,3,7,0,0,0,0,0,0,3,11
8932,1969,Master,Together,65176.0,0,1,2012-10-29,57,960,28,183,220,70,70,4,9,6,6,6,0,0,0,0,0,0,3,11
2072,1969,PhD,Together,53374.0,0,1,2012-08-16,34,896,10,101,13,10,34,6,4,2,9,9,1,0,0,0,0,0,3,11
7433,1985,Graduation,Single,29760.0,1,0,2012-08-29,87,64,4,68,7,5,17,4,3,1,4,8,0,0,0,0,0,0,3,11
3421,1968,Master,Divorced,63841.0,0,1,2013-04-21,64,635,15,100,20,7,131,1,9,3,9,6,0,0,0,0,0,0,3,11
7712,1946,PhD,Single,62159.0,0,0,2014-04-28,68,182,17,259,77,70,29,1,6,2,10,4,0,0,0,0,0,0,3,11
1501,1982,PhD,Married,160803.0,0,0,2012-08-04,21,55,16,1622,17,3,4,15,0,28,1,0,0,0,0,0,0,0,3,11
9485,1986,PhD,Married,45921.0,0,0,2014-03-10,23,102,9,49,24,3,12,1,2,1,6,4,0,0,0,0,0,0,3,11
3722,1972,Graduation,Single,44503.0,1,1,2014-04-16,83,31,1,8,0,0,8,2,2,0,3,6,0,0,0,0,0,0,3,11
4227,1968,Master,Together,32889.0,1,1,2013-09-06,78,28,0,13,4,2,8,3,2,1,3,5,0,0,0,0,0,0,3,11
11178,1972,Master,Single,42394.0,1,0,2014-03-23,69,15,2,10,0,1,4,1,1,0,3,7,0,0,0,0,0,0,3,11
7446,1967,Master,Together,62513.0,0,1,2013-09-09,16,520,42,98,0,42,14,2,6,4,10,6,0,0,0,0,0,0,3,11
8619,1957,Graduation,Together,21994.0,0,1,2012-12-24,4,9,0,6,3,1,3,1,0,0,3,5,0,0,0,0,0,0,3,11
2681,1984,2n Cycle,Married,65370.0,0,0,2013-08-01,1,71,22,112,138,89,29,1,2,3,13,1,0,0,0,0,0,0,3,11
7972,1955,Graduation,Single,72906.0,0,0,2013-09-17,79,400,32,519,71,75,54,1,3,4,9,1,0,0,0,0,0,0,3,11
5138,1950,Graduation,Together,28320.0,0,1,2013-01-14,68,19,1,14,3,2,4,1,1,0,3,8,0,0,0,0,0,0,3,11
3678,1973,Graduation,Widow,60208.0,1,1,2012-10-07,13,488,23,71,15,0,59,11,8,3,7,7,0,1,0,0,0,0,3,11
1726,1970,Graduation,Single,22585.0,0,0,2013-03-18,23,3,9,15,13,2,39,1,1,1,2,9,1,0,0,0,0,0,3,11
1715,1978,Graduation,Together,25851.0,1,0,2013-02-11,45,9,4,18,7,5,5,2,2,0,3,7,0,0,0,0,0,0,3,11
8686,1979,Basic,Together,23724.0,1,0,2013-01-08,65,5,23,15,0,18,14,2,2,0,3,8,0,0,0,0,0,0,3,11
5675,1960,PhD,Divorced,50611.0,0,1,2012-10-04,98,459,0,24,6,0,4,6,4,5,7,6,0,1,0,0,0,0,3,11
5029,1946,Graduation,Married,18100.0,0,0,2013-08-06,14,3,1,2,4,3,1,1,0,0,3,5,0,0,0,0,0,0,3,11
10856,1980,2n Cycle,Single,45889.0,0,1,2013-07-02,42,31,0,6,0,1,8,1,1,0,3,6,0,0,0,0,0,0,3,11
3254,1971,Graduation,Married,70886.0,1,0,2013-10-14,65,407,70,239,103,88,53,1,5,4,4,2,0,0,0,0,0,0,3,11
3363,1974,2n Cycle,Married,20130.0,0,0,2014-03-17,99,0,6,3,7,6,12,1,1,0,3,8,0,0,0,0,0,0,3,11
9481,1976,Graduation,Married,17148.0,1,0,2014-01-28,80,9,9,11,13,10,16,4,3,1,3,8,0,0,0,0,0,0,3,11
9916,1954,Graduation,Married,38998.0,1,1,2012-11-03,92,34,1,14,0,0,5,3,2,0,3,8,0,0,0,0,0,1,3,11
3759,1958,Graduation,Together,65196.0,0,2,2013-07-25,34,743,19,181,12,0,200,2,7,6,11,5,1,0,0,0,0,0,3,11
10968,1969,Graduation,Single,57731.0,0,1,2012-11-23,0,266,21,300,65,8,44,4,8,8,6,6,0,0,0,0,0,0,3,11
1012,1952,Graduation,Single,61823.0,0,1,2013-02-18,26,523,7,134,37,14,169,4,8,2,10,7,0,0,0,0,0,0,3,11
7631,1978,Master,Together,61346.0,1,0,2013-10-06,34,562,58,168,43,16,142,1,5,7,10,3,0,0,0,0,0,0,3,11
4141,1965,Graduation,Together,71613.0,0,0,2013-08-21,26,426,49,127,111,21,42,1,8,2,10,4,0,0,0,0,0,0,3,11
7787,1960,Graduation,Together,62807.0,0,1,2012-08-31,83,526,28,135,10,21,99,3,5,3,12,5,0,0,0,0,0,0,3,11
7275,1971,Master,Single,33316.0,1,1,2013-10-04,34,79,1,31,4,4,12,3,2,1,4,6,0,0,0,0,0,0,3,11
10928,1958,Graduation,Together,66886.0,0,1,2013-09-16,28,315,4,62,41,31,146,2,7,1,7,5,0,0,0,0,0,0,3,11
2410,1969,Graduation,Single,81657.0,0,0,2014-01-22,69,364,40,425,158,60,50,1,3,4,8,1,0,0,0,0,0,0,3,11
9672,1970,2n Cycle,Married,23162.0,1,1,2013-12-21,82,8,3,9,19,4,22,3,1,1,3,6,0,0,0,0,0,0,3,11
1459,1966,PhD,Married,69063.0,0,1,2012-11-07,16,666,35,124,69,8,26,1,5,3,5,3,0,0,0,0,0,0,3,11
2727,1973,Graduation,Together,57100.0,0,0,2013-12-04,19,181,21,69,39,3,96,1,3,3,6,3,0,0,0,0,0,0,3,11
7059,1963,Graduation,Married,80124.0,0,0,2014-06-26,47,483,84,398,205,84,241,1,3,7,8,1,1,0,0,0,0,0,3,11
378,1971,Graduation,Married,52531.0,0,0,2012-12-30,68,283,112,151,51,72,125,2,7,2,10,6,0,0,0,0,0,0,3,11
3916,1971,PhD,Together,49269.0,1,0,2012-08-15,92,639,8,166,11,8,58,3,7,3,12,7,0,0,0,0,0,0,3,11
7938,1958,PhD,Together,51518.0,0,1,2013-10-03,92,350,8,66,17,4,4,2,3,2,10,3,0,0,0,0,0,0,3,11
10478,1950,PhD,Married,55517.0,1,1,2012-09-27,53,483,0,108,0,6,36,5,11,1,6,9,0,0,0,0,0,0,3,11
6274,1948,Master,Married,83790.0,0,0,2013-11-15,81,1076,16,417,42,48,16,1,8,10,6,3,0,1,1,0,0,0,3,11
6142,1943,Master,Married,65073.0,0,0,2013-08-20,65,629,17,177,69,0,8,1,5,3,5,2,0,0,0,0,0,1,3,11
8534,1952,Graduation,Married,67433.0,0,2,2013-07-16,51,615,28,259,12,48,30,4,6,5,13,4,0,1,0,0,0,0,3,11
3859,1947,PhD,Together,73059.0,0,1,2013-08-31,36,410,112,420,0,82,71,1,9,3,13,4,0,0,0,0,0,0,3,11
8643,1971,Graduation,Together,69930.0,0,0,2013-05-26,21,252,98,827,219,70,196,1,4,5,12,3,0,0,0,0,0,0,3,11
11091,1953,Graduation,Together,34587.0,1,1,2014-05-16,68,7,2,9,2,0,2,2,1,0,3,4,0,0,0,0,0,0,3,11
5117,1963,2n Cycle,Married,32632.0,0,0,2012-08-02,32,63,151,137,153,19,53,2,4,4,8,5,0,0,0,0,0,0,3,11
241,1952,Graduation,Together,83844.0,0,0,2013-05-12,57,901,31,345,75,31,191,1,4,4,11,1,0,0,1,0,0,0,3,11
1386,1967,Graduation,Together,32474.0,1,1,2014-05-11,0,10,0,1,0,0,0,1,1,0,2,7,0,0,0,0,0,0,3,11
3130,1964,Graduation,Single,18701.0,1,1,2013-06-04,95,12,4,2,10,6,10,4,2,0,4,5,0,0,0,0,0,0,3,11
450,1958,Master,Together,42315.0,0,1,2013-07-12,90,67,15,80,17,11,80,3,1,4,4,3,0,0,0,0,0,0,3,11
6941,1971,Graduation,Single,31632.0,0,0,2013-07-14,92,17,8,12,11,15,32,1,2,1,2,7,0,0,0,0,0,0,3,11
1343,1968,Graduation,Together,58554.0,1,1,2012-09-26,55,368,24,68,38,0,88,6,8,2,6,7,0,0,0,0,0,0,3,11
2456,1975,PhD,Married,40233.0,0,1,2013-10-14,84,80,4,46,0,17,2,5,2,1,5,6,0,0,0,0,0,0,3,11
8732,1969,Master,Widow,67369.0,0,1,2012-11-17,81,1298,0,70,37,14,42,4,7,4,10,4,0,1,1,0,0,0,3,11
7214,1957,Graduation,Married,62187.0,0,0,2013-07-05,49,792,0,275,45,45,126,1,4,8,5,3,0,0,0,0,0,0,3,11
6354,1984,Graduation,Together,15345.0,1,0,2012-08-31,51,5,2,16,3,2,19,2,1,1,2,8,0,0,0,0,0,0,3,11
4679,1977,Master,Married,78710.0,0,1,2014-05-23,42,721,0,152,119,50,50,3,7,6,12,4,0,0,0,0,0,0,3,11
3945,1947,PhD,Widow,68117.0,0,1,2013-03-10,80,618,44,215,0,17,36,2,11,8,4,6,1,0,0,0,0,0,3,11
1409,1951,Graduation,Together,40689.0,0,1,2013-03-18,69,270,3,27,39,6,99,7,7,1,5,8,0,0,0,0,0,0,3,11
738,1981,2n Cycle,Single,42395.0,1,1,2014-04-04,35,48,13,57,24,15,25,4,3,1,4,7,0,0,0,0,0,0,3,11
10664,1949,Master,Widow,51529.0,0,1,2013-09-07,14,400,4,35,6,0,22,2,9,1,5,8,0,0,0,0,0,0,3,11
6864,1989,Master,Divorced,10979.0,0,0,2014-05-22,34,8,4,10,2,2,4,2,3,0,3,5,0,0,0,0,0,0,3,11
10379,1962,Master,Single,59247.0,0,2,2013-11-08,87,327,9,122,19,14,83,5,5,2,9,6,0,0,0,0,0,0,3,11
10582,1979,Graduation,Married,72063.0,0,1,2013-07-03,3,180,32,348,76,32,90,2,5,2,12,2,0,0,0,0,0,0,3,11
6382,1953,Graduation,Together,48794.0,1,1,2014-06-26,97,25,0,11,3,0,15,1,1,0,3,4,0,0,0,0,0,0,3,11
4381,1971,PhD,Married,46463.0,1,1,2013-08-18,56,163,2,40,8,11,11,7,3,1,6,6,0,0,0,0,0,0,3,11
10862,1960,Master,Married,30522.0,0,1,2012-08-17,6,179,8,83,19,11,26,5,1,2,9,2,0,0,0,0,0,0,3,11
1349,1970,Graduation,Married,50447.0,2,0,2014-04-21,4,85,7,24,2,3,27,1,3,1,3,6,0,0,0,0,0,0,3,11
10703,1975,Master,Single,46098.0,1,1,2012-08-18,86,57,0,27,0,0,36,4,3,2,2,8,0,0,0,0,0,0,3,11
2005,1990,Graduation,Married,35765.0,1,0,2013-12-11,86,22,3,30,0,5,15,2,2,0,4,6,0,0,0,0,0,0,3,11
2324,1972,Graduation,Together,77044.0,0,1,2013-10-27,12,625,38,242,50,34,76,2,7,11,11,4,1,0,0,0,0,0,3,11
2895,1963,Graduation,Single,49980.0,0,1,2013-10-23,79,104,1,54,13,9,14,2,3,1,5,5,0,0,0,0,0,0,3,11
1272,1965,Master,Single,55250.0,0,1,2012-10-21,49,664,58,83,32,0,66,4,7,5,10,5,0,0,0,0,0,0,3,11
10401,1976,2n Cycle,Together,26326.0,0,0,2013-09-04,12,1,0,5,0,3,9,1,0,0,3,3,0,0,0,0,0,1,3,11
3498,1976,PhD,Married,55424.0,0,1,2012-11-25,6,462,61,184,10,53,107,4,7,5,9,6,1,0,0,0,0,0,3,11
7919,1976,PhD,Together,72335.0,0,0,2012-08-13,2,1285,105,653,28,21,0,1,10,4,8,8,0,0,0,0,0,0,3,11
4303,1957,PhD,Together,6835.0,0,1,2012-12-08,76,107,2,12,2,2,12,0,0,0,1,20,0,0,0,0,0,0,3,11
5268,1960,Graduation,Married,29440.0,1,1,2013-08-11,95,17,8,14,10,4,3,2,1,0,4,7,0,0,0,0,0,0,3,11
11071,1984,Graduation,Single,79607.0,0,0,2013-04-21,37,450,133,951,173,0,216,1,3,6,6,1,0,0,0,0,0,0,3,11
2928,1975,PhD,Single,52614.0,0,1,2012-12-01,63,789,0,142,12,9,38,2,2,4,8,8,0,0,0,0,0,0,3,11
7397,1951,Graduation,Single,49090.0,0,1,2013-07-19,45,494,5,82,7,0,100,3,7,2,9,7,0,0,0,0,0,0,3,11
9460,1963,Graduation,Married,22419.0,0,0,2013-04-18,74,30,3,47,19,21,42,1,3,2,2,8,0,0,0,0,0,0,3,11
624,1984,Master,Single,18890.0,0,0,2012-11-10,5,6,4,1,7,2,15,1,0,1,2,6,1,0,0,0,0,0,3,11
2958,1978,Graduation,Married,28442.0,2,0,2014-02-24,53,19,3,10,11,8,6,3,2,1,4,4,0,0,0,0,0,0,3,11
1920,1972,Graduation,Married,40321.0,1,1,2013-07-29,59,44,4,21,6,0,27,2,3,0,3,7,0,0,0,0,0,0,3,11
9543,1985,Graduation,Married,19986.0,1,0,2013-11-14,74,3,6,5,0,2,6,1,0,0,3,7,0,0,0,0,0,0,3,11
7494,1950,PhD,Divorced,42873.0,1,1,2013-01-21,11,209,0,40,3,2,15,4,6,1,4,8,0,0,0,0,0,0,3,11
7613,1974,2n Cycle,Together,49669.0,1,0,2014-05-24,97,166,5,107,11,8,29,2,5,1,6,6,0,0,0,0,0,0,3,11
2902,1958,Graduation,Together,,1,1,2012-09-03,87,19,4,12,2,2,6,1,1,0,3,5,0,0,0,0,0,0,3,11
6059,1953,PhD,Together,64504.0,1,2,2013-03-04,81,986,36,168,16,0,108,7,11,3,4,7,0,0,0,0,0,0,3,11
521,1985,Graduation,Together,54006.0,1,0,2012-09-18,42,174,77,203,6,24,97,2,8,1,7,7,0,0,0,0,0,0,3,11
254,1955,Graduation,Together,53863.0,0,1,2014-05-17,4,399,4,30,6,4,30,3,7,1,7,7,0,1,0,0,0,0,3,11
9094,1955,2n Cycle,Married,62972.0,0,1,2012-08-03,39,313,15,47,20,0,192,2,7,4,3,6,0,0,0,0,0,0,3,11
2156,1955,PhD,Married,22554.0,1,1,2012-11-03,38,27,0,10,0,0,4,4,2,0,4,5,0,0,0,0,0,0,3,11
9467,1984,Graduation,Single,34738.0,1,0,2014-05-11,51,3,2,10,3,0,2,1,1,0,3,6,0,0,0,0,0,0,3,11
8724,1982,Graduation,Single,28567.0,1,0,2013-06-17,57,11,3,22,2,2,6,2,2,0,3,6,0,0,0,0,0,0,3,11
6516,1989,Basic,Married,17487.0,1,0,2013-03-18,37,0,0,1,7,4,6,1,1,0,2,7,0,0,0,0,0,0,3,11
1118,1956,Master,Married,50965.0,0,1,2013-02-20,87,544,13,85,8,6,29,3,10,4,5,8,1,0,0,0,0,0,3,11
7725,1965,2n Cycle,Married,76800.0,0,0,2014-03-08,33,173,26,255,35,71,81,1,4,4,7,1,0,0,0,0,0,0,3,11
5350,1991,Master,Single,90638.0,0,0,2014-02-13,29,1156,120,915,94,144,96,1,3,4,10,1,0,0,1,0,0,0,3,11
2174,1954,Graduation,Single,46344.0,1,1,2014-03-08,38,11,1,6,2,1,6,2,1,1,2,5,0,0,0,0,0,0,3,11
1665,1964,PhD,Divorced,64140.0,0,2,2013-09-23,71,1459,0,61,0,15,215,5,2,5,6,5,1,0,1,0,1,0,3,11
9283,1978,Graduation,Single,60199.0,1,2,2013-09-12,49,8,1,7,2,0,0,1,0,0,3,4,0,0,0,0,0,0,3,11
849,1953,Master,Together,56129.0,0,1,2013-06-20,65,320,48,133,39,72,48,4,6,2,10,4,0,0,0,0,0,0,3,11
3032,1984,Graduation,Married,24570.0,1,0,2013-02-27,97,28,34,62,11,14,44,3,4,0,4,9,0,0,0,0,0,0,3,11
4796,1952,Graduation,Divorced,49638.0,0,1,2014-04-19,71,18,10,3,3,5,0,1,1,0,3,2,0,0,0,0,0,0,3,11
1584,1977,Graduation,Married,41443.0,1,0,2014-04-01,79,171,7,171,25,19,89,6,8,1,5,8,0,0,0,0,0,0,3,11
7761,1978,2n Cycle,Together,38702.0,1,0,2013-08-01,71,13,11,24,13,8,40,2,3,0,4,6,0,0,0,0,0,0,3,11
9323,1949,Master,Together,49912.0,0,1,2012-09-07,5,520,8,223,32,49,42,4,10,5,7,8,1,0,0,0,0,0,3,11
10854,1970,PhD,Married,38853.0,1,1,2014-05-23,90,29,0,14,0,0,2,2,2,0,3,7,0,0,0,0,0,0,3,11
2853,1980,Graduation,Single,51766.0,1,0,2014-03-11,74,60,51,87,6,20,51,2,4,2,4,5,0,0,0,0,0,0,3,11
6049,1982,Master,Together,73450.0,0,0,2013-12-05,85,1142,51,415,90,69,37,1,7,8,11,3,1,0,0,1,0,0,3,11
8977,1985,Basic,Single,16581.0,0,0,2013-01-12,51,1,3,4,2,3,11,1,0,0,3,4,0,0,0,0,0,0,3,11
1517,1969,Graduation,Single,30822.0,1,0,2013-06-14,92,3,9,13,2,12,12,1,1,0,3,7,0,0,0,0,0,0,3,11
4712,1991,2n Cycle,Together,20193.0,0,0,2012-11-28,18,8,8,22,24,11,9,1,1,1,4,4,0,0,0,0,0,0,3,11
2656,1971,Graduation,Divorced,40851.0,1,1,2013-02-21,63,23,1,7,0,4,24,1,1,1,2,7,0,0,0,0,0,0,3,11
503,1985,Master,Married,20559.0,1,0,2013-03-12,88,13,1,29,3,0,7,2,2,0,3,8,0,0,0,0,0,0,3,11
1734,1968,PhD,Together,40706.0,2,1,2013-01-17,37,59,0,11,4,2,5,4,3,0,4,7,0,0,0,0,0,0,3,11
7181,1977,Graduation,Married,30368.0,0,1,2013-11-07,97,35,0,13,2,0,2,2,2,0,3,8,0,0,0,0,0,0,3,11
4749,1968,Graduation,Together,58554.0,1,1,2012-09-26,55,368,24,68,38,0,88,6,8,2,6,7,0,0,0,0,0,0,3,11
4541,1955,Graduation,Together,38946.0,0,1,2013-10-24,84,116,6,82,6,6,41,2,3,1,6,5,0,0,0,0,0,0,3,11
6566,1954,PhD,Married,72550.0,1,1,2012-11-08,39,826,50,317,50,38,38,9,5,2,12,8,0,0,0,0,0,0,3,11
9606,1965,PhD,Married,69969.0,0,0,2013-08-27,64,882,29,514,38,29,44,1,4,2,6,3,0,0,1,1,0,0,3,11
5835,1976,PhD,Divorced,14849.0,1,0,2013-07-02,39,21,2,28,3,2,9,3,2,0,4,8,0,0,0,0,0,0,3,11
10164,1958,Graduation,Single,94472.0,0,1,2014-04-03,75,1017,33,417,108,100,16,1,5,5,5,5,0,1,1,0,0,0,3,11
4136,1992,Basic,Single,7500.0,1,0,2012-12-03,63,10,17,18,8,26,40,4,3,2,2,9,0,0,0,0,0,0,3,11
810,1975,Graduation,Married,74190.0,0,1,2014-05-12,49,151,81,86,168,91,64,2,4,2,11,2,0,0,0,0,0,0,3,11
3698,1983,Graduation,Together,78687.0,0,0,2012-08-09,13,817,185,687,145,55,241,1,4,6,8,2,0,0,1,0,0,0,3,11
4426,1975,Graduation,Single,55801.0,1,1,2013-09-22,35,367,4,51,6,4,95,6,7,2,6,7,0,0,0,1,0,0,3,11
9504,1949,Master,Married,81698.0,0,0,2013-11-06,4,179,28,520,111,123,47,1,3,8,13,1,0,0,0,0,0,0,3,11
4377,1971,Graduation,Married,52914.0,0,1,2013-01-07,32,254,10,44,30,10,227,2,7,3,3,7,1,0,0,0,0,0,3,11
7124,1968,Graduation,Divorced,36997.0,1,1,2013-02-01,72,43,4,12,8,0,27,5,2,1,4,5,0,0,0,0,0,0,3,11
2162,1976,Graduation,Married,56939.0,0,1,2013-09-18,19,256,34,103,90,29,49,2,3,3,10,3,0,0,0,0,0,0,3,11
7034,1978,2n Cycle,Married,25804.0,1,0,2013-09-01,34,8,7,9,13,6,12,2,2,0,3,8,0,0,0,0,0,0,3,11
5827,1958,Graduation,Divorced,35246.0,1,1,2014-04-16,53,36,0,12,2,2,10,4,3,1,3,5,0,0,0,0,0,0,3,11
3463,1975,PhD,Married,69283.0,0,1,2014-06-14,41,674,62,134,0,26,8,4,7,3,13,5,0,0,0,0,0,0,3,11
4692,1976,Graduation,Married,7500.0,1,0,2012-08-01,19,7,0,12,13,7,32,5,4,1,2,9,1,0,0,0,0,0,3,11
4507,1952,Graduation,Single,72228.0,0,0,2012-11-27,87,631,28,491,30,14,56,1,6,7,8,3,0,0,0,0,0,0,3,11
7274,1957,Graduation,Married,78618.0,0,0,2012-09-28,87,736,163,818,212,163,61,1,4,7,10,2,0,1,0,0,0,0,3,11
9938,1954,Graduation,Married,80067.0,0,0,2013-09-19,82,519,17,813,27,173,51,1,4,6,6,2,0,0,1,0,0,0,3,11
2587,1972,PhD,Married,29791.0,1,0,2014-05-15,21,14,0,6,0,0,0,2,2,0,3,5,0,0,0,0,0,0,3,11
10826,1959,Graduation,Married,18690.0,0,0,2012-12-28,77,6,1,7,23,4,19,1,1,1,2,8,0,0,0,0,0,0,3,11
2166,1960,2n Cycle,Widow,46779.0,1,1,2013-07-12,55,12,1,3,0,0,7,1,0,1,2,4,0,0,0,0,0,0,3,11
310,1970,Master,Married,61872.0,0,1,2013-12-13,81,330,5,159,36,27,16,4,4,4,9,4,0,0,0,0,0,0,3,11
2868,1949,PhD,Single,26518.0,1,1,2013-04-08,33,20,1,28,3,3,2,3,2,0,3,8,0,0,0,0,0,0,3,11
6466,1965,PhD,Married,57236.0,1,1,2014-03-12,22,105,0,9,2,1,4,3,2,1,4,3,0,0,0,0,0,0,3,11
4939,1946,Graduation,Together,37760.0,0,0,2012-08-31,20,84,5,38,150,12,28,2,4,1,6,7,0,0,0,0,0,0,3,11
1859,1972,Master,Married,75251.0,0,0,2012-08-27,34,721,111,925,97,18,18,1,7,6,5,5,0,0,0,0,0,0,3,11
8780,1950,PhD,Together,59292.0,0,1,2013-06-13,71,378,14,68,19,14,14,2,3,5,8,3,0,0,0,0,0,0,3,11
5751,1973,2n Cycle,Divorced,31163.0,1,0,2014-02-13,54,2,3,10,11,2,10,1,1,0,3,6,0,0,0,0,0,0,3,11
898,1986,Graduation,Married,23477.0,1,0,2013-10-21,39,38,15,54,3,8,29,3,3,0,4,8,0,0,0,0,0,0,3,11
9862,1969,Graduation,Together,21918.0,1,0,2013-11-14,37,1,6,7,11,5,3,2,2,0,3,6,0,0,0,0,0,0,3,11
5036,1984,PhD,Single,42710.0,1,0,2012-11-28,38,252,3,42,4,3,102,2,4,5,3,6,0,0,0,0,0,0,3,11
10323,1952,Graduation,Married,49413.0,0,1,2013-10-25,88,205,7,41,3,2,46,2,4,2,5,5,0,0,0,0,0,0,3,11
5493,1976,Graduation,Married,39356.0,1,1,2014-03-19,21,15,0,2,0,0,6,1,1,0,2,6,1,0,0,0,0,0,3,11
4609,1966,PhD,Married,57705.0,0,1,2014-01-11,14,383,0,53,6,4,40,3,8,1,6,6,0,0,0,0,0,0,3,11
9215,1980,PhD,Married,43974.0,1,0,2012-12-12,19,378,0,101,0,0,72,5,6,4,6,7,0,0,0,0,0,0,3,11
6983,1950,Master,Divorced,38054.0,1,1,2014-05-01,24,23,2,17,2,1,0,2,2,0,3,7,0,0,0,0,0,0,3,11
2075,1969,Graduation,Married,72460.0,0,0,2013-11-14,56,377,10,540,80,30,10,1,3,5,7,1,0,0,0,0,0,0,3,11
9240,1971,PhD,Single,60504.0,0,1,2014-02-07,73,458,0,24,6,4,34,2,6,2,8,6,0,0,0,0,0,0,3,11
313,1968,Graduation,Widow,73455.0,0,0,2013-10-28,98,901,61,757,186,163,20,1,6,5,10,3,0,1,0,0,0,0,3,11
2173,1952,Graduation,Widow,40049.0,0,1,2013-10-16,23,13,6,7,0,3,3,1,1,0,3,6,0,0,0,0,0,0,3,11
7798,1972,2n Cycle,Together,46344.0,0,1,2012-12-14,28,233,20,57,8,20,91,4,7,1,5,7,0,0,0,0,0,0,3,11
7801,1959,Graduation,Together,54753.0,0,1,2013-09-12,87,197,107,227,7,59,131,3,5,2,11,4,0,0,0,0,0,0,3,11
8213,1980,2n Cycle,Together,14515.0,1,0,2012-11-09,71,6,4,9,6,36,35,4,2,2,3,7,0,0,0,0,0,0,3,11
569,1991,Graduation,Single,90273.0,0,0,2013-12-14,32,704,129,853,120,74,111,1,5,6,7,2,0,1,1,1,0,0,3,11
8746,1989,Graduation,Married,75433.0,1,0,2014-04-05,28,800,0,297,0,34,57,2,2,5,10,6,0,1,0,1,0,0,3,11
5114,1965,Master,Married,74806.0,0,1,2012-12-19,1,670,9,249,0,28,9,2,5,4,5,4,0,0,0,0,0,0,3,11
2686,1969,Basic,Together,22390.0,0,0,2013-10-21,49,0,1,4,15,1,5,1,1,0,2,7,0,0,0,0,0,0,3,11
8346,1974,Graduation,Single,32233.0,1,0,2012-08-19,26,138,15,35,25,11,72,2,6,2,2,9,1,0,0,0,0,0,3,11
9478,1985,Graduation,Single,66503.0,1,0,2012-08-14,30,91,64,128,65,3,50,2,4,3,6,3,0,0,0,0,0,0,3,11
5667,1964,PhD,Married,60896.0,0,1,2012-10-11,90,1013,30,399,60,46,153,3,9,10,4,6,0,0,0,0,0,0,3,11
1867,1957,Graduation,Single,64849.0,0,0,2012-11-13,42,652,48,350,94,84,108,1,9,3,6,5,0,0,0,0,0,0,3,11
1592,1970,Graduation,Married,90765.0,0,0,2014-01-24,25,547,99,812,151,82,33,0,4,6,5,1,0,0,1,1,0,0,3,11
9119,1950,Graduation,Together,60905.0,0,1,2013-12-05,27,208,17,76,36,17,38,2,3,3,7,2,0,0,0,0,0,0,3,11
1446,1956,Master,Single,86424.0,0,0,2014-04-05,12,387,68,569,89,45,68,1,6,9,12,1,0,0,0,0,0,0,3,11
2445,1974,PhD,Together,28440.0,1,0,2013-07-07,87,38,1,24,0,0,0,1,2,0,3,8,0,0,0,0,0,0,3,11
5552,1963,Master,Divorced,48721.0,1,1,2013-05-13,50,81,18,113,47,13,21,6,4,2,5,6,0,0,0,0,0,0,3,11
3602,1958,Master,Married,51412.0,0,1,2013-12-31,42,140,3,29,4,5,14,2,3,2,4,4,0,0,0,0,0,0,3,11
6715,1948,PhD,Single,60200.0,0,1,2013-01-02,3,502,19,132,0,6,26,6,6,2,11,6,0,0,0,0,0,0,3,11
942,1982,Graduation,Single,39660.0,1,0,2012-08-08,36,139,13,78,20,13,36,3,7,1,3,9,0,0,0,0,0,0,3,11
5430,1956,Graduation,Together,54450.0,1,1,2012-09-14,0,454,0,171,8,19,32,12,9,2,8,8,0,0,0,0,0,0,3,11
4619,1945,PhD,Single,113734.0,0,0,2014-05-28,9,6,2,3,1,262,3,0,27,0,0,1,0,0,0,0,0,0,3,11
4322,1958,PhD,Together,77863.0,0,0,2013-11-27,20,881,38,319,16,25,12,1,4,5,10,2,0,0,0,0,0,0,3,11
944,1962,Graduation,Married,56181.0,0,1,2013-01-08,6,121,103,69,8,44,48,1,4,2,7,4,0,0,0,0,0,0,3,11
7281,1959,PhD,Single,,0,0,2013-11-05,80,81,11,50,3,2,39,1,1,3,4,2,0,0,0,0,0,0,3,11
3503,1950,Graduation,Divorced,82460.0,0,0,2013-12-02,78,255,47,573,52,32,15,1,5,3,6,1,0,0,0,0,0,0,3,11
8553,1965,Graduation,Married,44300.0,1,1,2013-06-23,65,30,0,9,0,0,3,2,1,0,3,6,0,0,0,0,0,0,3,11
5331,1977,Graduation,Married,74985.0,0,0,2012-09-11,8,587,51,898,247,0,86,1,3,6,7,2,0,0,0,0,0,0,3,11
2724,1981,Master,Single,36143.0,1,0,2014-03-30,33,12,0,1,0,0,6,1,0,1,2,3,0,0,0,0,0,0,3,11
4637,1954,PhD,Single,74637.0,0,0,2013-05-18,73,960,64,464,146,0,16,1,6,9,9,3,0,0,0,1,0,0,3,11
3559,1988,2n Cycle,Married,16248.0,1,0,2014-05-10,77,12,11,10,3,12,9,3,2,1,3,6,0,0,0,0,0,0,3,11
1463,1958,Graduation,Single,45160.0,1,1,2014-03-29,9,8,2,5,3,0,3,1,1,0,2,7,0,0,0,0,0,0,3,11
10669,1981,Graduation,Married,54386.0,0,1,2013-05-17,8,277,21,64,62,21,25,2,3,2,10,3,0,0,0,0,0,0,3,11
10264,1979,Graduation,Divorced,15287.0,1,0,2012-10-10,60,1,2,8,4,3,13,2,1,1,2,7,1,0,0,0,0,0,3,11
5185,1955,Graduation,Married,74268.0,0,0,2013-02-14,83,199,66,315,97,174,41,1,4,3,5,2,0,0,0,0,0,0,3,11
1491,1965,2n Cycle,Together,71488.0,0,0,2013-02-18,87,162,33,124,40,28,172,2,3,4,7,1,0,0,0,0,0,0,3,11
2797,1977,Graduation,Married,72117.0,0,1,2013-08-20,34,707,20,171,65,60,50,1,9,7,9,5,0,0,0,0,0,0,3,11
7254,1969,Graduation,Together,38361.0,1,0,2013-12-27,74,39,0,56,20,8,14,3,3,1,3,7,0,0,0,0,0,0,3,11
2150,1958,PhD,Widow,80995.0,0,1,2013-05-11,83,860,28,409,73,56,56,1,8,9,4,4,0,0,0,0,0,0,3,11
3732,1955,Master,Married,52750.0,0,1,2013-02-04,72,393,0,239,90,69,69,6,5,7,9,4,0,0,0,0,0,0,3,11
7516,1983,Graduation,Married,30096.0,1,0,2014-05-22,30,5,3,11,12,5,9,1,2,0,3,6,0,0,0,0,0,0,3,11
1515,1975,Master,Together,34176.0,0,1,2014-01-22,9,11,2,7,4,2,2,1,1,0,3,3,0,0,0,0,0,0,3,11
2254,1983,Graduation,Married,69520.0,0,0,2013-07-07,95,627,120,414,121,80,93,1,9,6,5,5,0,0,0,0,0,0,3,11
868,1966,Graduation,Married,44794.0,0,1,2014-06-08,99,54,0,7,0,0,4,1,2,0,3,6,0,0,0,0,0,0,3,11
8334,1971,Master,Single,33316.0,1,1,2013-10-04,34,79,1,31,4,4,12,3,2,1,4,6,0,0,0,0,0,0,3,11
1729,1961,PhD,Together,66426.0,0,1,2013-10-02,14,1043,24,97,32,24,157,2,3,5,10,6,0,0,0,0,0,0,3,11
3231,1973,Graduation,Married,37971.0,1,0,2013-11-25,97,5,4,10,2,2,7,1,1,0,3,8,0,0,0,0,0,0,3,11
9576,1982,PhD,Together,32313.0,1,0,2013-02-11,60,86,4,56,2,4,7,3,4,0,4,9,0,0,0,0,0,0,3,11
2262,1965,Master,Together,45143.0,0,1,2013-08-26,74,202,5,74,11,5,14,3,6,1,5,7,0,0,0,0,0,0,3,11
2535,1978,Master,Married,88097.0,1,0,2012-08-18,24,163,0,480,0,126,75,1,6,5,8,9,0,1,1,1,0,0,3,11
10513,1992,Graduation,Together,63207.0,0,0,2013-01-20,68,438,169,565,91,169,70,1,2,3,6,7,0,0,0,1,0,0,3,11
3076,1975,Graduation,Together,66653.0,1,1,2012-09-07,18,452,18,102,16,18,6,4,4,2,12,3,0,0,0,0,0,0,3,11
8996,1957,PhD,Married,,2,1,2012-11-19,4,230,42,192,49,37,53,12,7,2,8,9,0,0,0,0,0,0,3,11
2930,1978,Master,Single,68092.0,0,0,2013-12-16,7,852,60,207,78,36,48,2,2,6,10,5,0,0,0,0,0,0,3,11
6818,1974,Graduation,Married,44989.0,0,1,2012-09-12,26,98,0,106,49,10,106,5,5,1,5,6,0,0,0,0,0,0,3,11
4785,1970,PhD,Together,77622.0,0,2,2014-04-14,3,520,7,154,19,0,14,2,6,3,11,3,0,0,0,0,0,0,3,11
7698,1976,PhD,Married,51650.0,0,1,2014-05-11,81,152,3,22,2,5,7,1,4,1,4,5,0,0,0,0,0,0,3,11
10766,1964,PhD,Married,65526.0,0,1,2014-04-11,22,397,19,69,12,0,9,1,4,4,8,2,0,0,0,0,0,0,3,11
5577,1983,Graduation,Together,43776.0,1,0,2014-05-03,77,8,0,9,2,1,3,1,1,0,2,6,0,0,0,0,0,0,3,11
4012,1972,PhD,Together,62220.0,0,1,2012-08-11,55,799,12,375,16,12,12,5,7,6,5,6,0,0,0,0,0,0,3,11
10542,1968,PhD,Married,36778.0,1,1,2012-08-05,63,29,4,34,2,4,4,3,3,0,3,9,0,0,0,0,0,0,3,11
10133,1970,Graduation,Single,93790.0,0,0,2014-02-12,16,1302,68,731,89,114,45,0,6,7,12,2,0,1,1,1,0,0,3,11
3005,1992,Graduation,Single,83528.0,0,0,2014-05-01,7,530,117,678,134,44,147,1,4,10,8,1,1,0,0,1,0,0,3,11
1945,1962,Graduation,Married,71434.0,0,1,2013-09-18,4,711,36,217,172,96,168,3,7,4,7,4,0,1,0,1,0,0,3,11
8962,1975,Master,Married,44319.0,1,1,2014-04-17,18,26,0,8,0,0,3,2,2,0,3,5,0,0,0,0,0,0,3,11
10509,1955,Master,Single,36927.0,1,1,2014-06-02,46,51,0,16,0,0,4,2,3,0,3,8,0,0,0,0,0,0,3,11
1020,1973,Graduation,Married,79593.0,0,0,2014-05-12,70,350,60,568,110,133,145,1,5,6,7,2,0,0,1,0,0,0,3,11
6457,1976,Graduation,Divorced,64892.0,0,1,2014-05-29,77,527,24,230,32,24,65,2,6,4,12,4,0,0,0,0,0,0,3,11
10789,1964,PhD,Married,45759.0,1,1,2013-02-23,13,42,1,18,3,0,4,2,2,0,3,7,0,0,0,0,0,0,3,11
7186,1966,PhD,Together,30843.0,1,1,2014-05-26,43,24,0,2,0,0,9,2,1,1,2,5,1,0,0,0,0,0,3,11
8204,1971,2n Cycle,Married,78041.0,0,0,2012-12-16,93,482,35,553,72,160,17,1,4,4,9,2,0,0,0,0,0,0,3,11
11188,1957,Graduation,Together,26091.0,1,1,2014-02-25,84,15,10,19,8,17,20,3,2,1,3,5,0,0,0,0,0,0,3,11
7300,1952,Graduation,Divorced,69142.0,0,1,2014-06-29,50,448,4,34,6,4,39,3,8,1,7,5,0,1,0,0,0,0,3,11
5642,1979,Master,Together,62499.0,1,0,2013-12-09,0,140,4,61,0,13,4,2,3,1,6,4,0,0,0,0,0,0,3,11
1321,1974,Graduation,Married,26067.0,1,0,2013-11-04,49,22,2,18,0,2,12,3,3,0,3,8,0,0,0,0,0,0,3,11
5929,1973,PhD,Married,37401.0,1,0,2014-05-06,14,19,3,19,3,1,3,2,2,0,3,7,0,0,0,0,0,0,3,11
8475,1973,PhD,Married,157243.0,0,1,2014-03-01,98,20,2,1582,1,2,1,15,0,22,0,0,0,0,0,0,0,0,3,11
2452,1971,Graduation,Together,34600.0,1,1,2013-01-01,8,199,33,60,8,3,15,5,5,2,5,8,0,0,0,0,0,0,3,11
6770,1985,Graduation,Married,21355.0,1,0,2013-08-20,5,5,13,14,0,5,31,2,2,1,2,6,1,0,0,0,0,0,3,11
10466,1965,Graduation,Married,44393.0,1,1,2013-08-22,86,24,2,20,2,2,10,2,1,0,4,4,0,0,0,0,0,0,3,11
2557,1970,Master,Single,29548.0,1,0,2013-08-29,52,7,1,6,3,1,11,1,1,1,2,4,1,0,0,0,0,0,3,11
3790,1956,Graduation,Together,34633.0,2,1,2014-01-23,31,8,1,5,0,0,1,1,1,0,2,6,0,0,0,0,0,0,3,11
6001,1979,Graduation,Married,56775.0,0,1,2013-01-02,62,614,35,160,58,35,35,2,5,8,10,5,0,0,0,0,0,0,3,11
7966,1959,Graduation,Single,80982.0,1,1,2013-01-08,48,505,137,401,104,22,22,3,11,5,11,5,0,0,0,0,0,1,3,11
10089,1974,Graduation,Divorced,102692.0,0,0,2013-04-05,5,168,148,444,32,172,148,1,6,9,13,2,0,1,1,1,1,0,3,11
10304,1959,Graduation,Married,18690.0,0,0,2012-12-28,77,6,1,7,23,4,19,1,1,1,2,8,0,0,0,0,0,0,3,11
73,1953,PhD,Single,51411.0,1,2,2013-05-26,81,14,0,3,0,0,1,1,0,0,3,5,0,0,0,0,0,0,3,11
9589,1948,PhD,Widow,82032.0,0,0,2014-04-05,54,332,194,377,149,125,57,0,4,6,7,1,0,0,0,0,0,0,3,11
6184,1969,PhD,Married,68462.0,0,0,2012-12-12,6,561,64,785,84,128,48,1,3,3,8,1,0,0,0,0,0,0,3,11
5057,1961,Master,Married,61794.0,0,1,2013-09-14,74,264,47,188,54,47,11,2,4,4,10,2,0,0,0,0,0,0,3,11
7851,1949,Graduation,Widow,70165.0,0,0,2013-09-22,60,161,0,253,199,191,122,1,3,7,11,1,0,0,0,0,0,0,3,11
10010,1953,PhD,Divorced,36957.0,1,1,2012-09-06,43,100,2,16,2,1,31,4,3,2,2,9,0,0,0,0,0,0,3,11
3900,1972,Graduation,Married,65685.0,0,1,2014-03-29,54,642,14,49,0,7,57,1,9,2,9,5,0,0,0,0,0,0,3,11
3856,1960,Graduation,Together,63381.0,0,1,2012-10-05,78,571,50,142,33,50,159,4,4,5,13,2,0,0,0,0,0,0,3,11
2740,1958,PhD,Widow,33438.0,1,1,2013-09-22,81,62,1,16,3,2,6,4,2,1,4,5,0,0,0,0,0,0,3,11
3643,1974,Master,Married,63206.0,0,0,2014-03-20,65,750,8,125,11,8,26,1,4,3,6,2,0,0,1,0,0,0,3,11
4964,1958,PhD,Together,74250.0,0,0,2014-01-26,90,680,11,392,75,0,0,1,2,11,4,1,0,0,0,0,0,0,3,11
2392,1972,Graduation,Married,40321.0,1,1,2013-07-29,59,44,4,21,6,0,27,2,3,0,3,7,0,0,0,0,0,0,3,11
7431,1991,PhD,Single,68126.0,0,0,2012-11-10,40,1332,17,311,23,51,86,1,7,4,5,9,0,1,0,0,0,0,3,11
5043,1951,Basic,Married,26997.0,0,0,2012-11-05,89,7,23,78,133,49,144,2,4,2,5,7,0,0,0,0,0,0,3,11
9958,1972,Graduation,Married,65685.0,0,1,2014-03-29,54,642,14,49,0,7,57,1,9,2,9,5,0,0,0,0,0,0,3,11
2125,1959,Graduation,Divorced,63033.0,0,0,2013-11-15,82,194,61,480,225,112,30,1,3,4,8,2,0,0,0,0,0,0,3,11
8135,1986,Master,Married,27161.0,1,0,2013-10-28,41,7,4,23,7,0,11,1,1,0,3,7,0,0,0,0,0,0,3,11
6299,1968,PhD,Divorced,42564.0,0,1,2013-01-02,28,324,48,186,39,18,198,6,6,8,4,7,1,0,0,0,0,0,3,11
6722,1954,PhD,Married,70421.0,0,1,2014-06-28,98,479,28,136,75,14,35,3,10,3,7,6,0,0,0,0,0,0,3,11
4988,1948,PhD,Married,34469.0,1,1,2014-05-04,58,19,6,20,0,5,12,3,1,1,4,4,0,0,0,0,0,0,3,11
326,1973,Graduation,Married,51148.0,1,1,2013-02-18,38,235,6,45,8,9,12,4,5,1,6,6,0,0,0,0,0,0,3,11
850,1968,Graduation,Single,70566.0,0,1,2013-10-06,4,381,28,215,84,28,21,2,6,5,9,3,0,0,0,0,0,0,3,11
11110,1973,Graduation,Single,3502.0,1,0,2013-04-13,56,2,1,1,0,0,1,0,0,0,0,14,0,0,0,0,0,0,3,11
8036,1971,2n Cycle,Together,26850.0,1,1,2014-04-18,10,31,1,13,7,2,9,4,2,1,4,4,0,0,0,0,0,0,3,11
4268,1959,Graduation,Married,53154.0,0,1,2014-06-09,50,129,0,21,0,1,7,1,3,1,4,4,0,0,0,0,0,0,3,11
380,1954,Graduation,Divorced,64497.0,0,1,2012-09-10,17,1170,48,320,42,32,192,5,11,4,9,8,1,0,0,0,0,0,3,11
35,1987,Graduation,Married,25545.0,1,0,2012-09-08,35,32,1,64,16,12,85,3,2,2,3,6,0,0,0,0,0,0,3,11
873,1949,Master,Married,62845.0,1,1,2012-10-01,3,1099,0,45,0,0,34,11,3,4,10,8,0,1,0,0,0,0,3,11
6866,1969,Master,Together,35924.0,1,1,2014-03-23,56,8,0,14,2,3,7,1,1,0,3,5,0,0,0,0,0,0,3,11
8387,1957,Graduation,Married,43140.0,0,1,2013-01-05,68,134,8,76,6,0,11,1,4,1,5,6,0,0,0,0,0,0,3,11
3852,1961,Master,Together,74881.0,1,1,2013-03-08,48,505,72,270,36,27,54,4,9,2,12,5,0,0,0,0,0,0,3,11
8504,1973,Graduation,Married,79593.0,0,0,2014-05-12,70,350,60,568,110,133,145,1,5,6,7,2,0,0,1,0,0,0,3,11
10676,1982,Graduation,Married,63211.0,0,0,2012-11-02,3,145,193,459,205,26,145,2,3,8,7,2,0,0,0,0,0,0,3,11
3233,1965,PhD,Married,62745.0,0,1,2013-03-23,89,562,21,464,28,10,32,3,7,8,11,5,0,0,0,0,0,0,3,11
5517,1969,Graduation,Married,25293.0,1,0,2013-09-15,51,15,0,11,0,2,9,1,1,1,2,8,0,0,0,0,0,0,3,11
2320,1978,2n Cycle,Married,47025.0,0,1,2013-09-12,98,508,11,59,23,5,29,5,11,1,6,9,0,0,0,0,0,0,3,11
7301,1982,2n Cycle,Single,23616.0,1,0,2012-11-17,76,4,22,11,3,7,32,2,3,0,3,8,0,0,0,0,0,0,3,11
2579,1957,Graduation,Married,71113.0,0,1,2013-12-17,95,495,33,255,11,33,8,4,6,7,9,4,0,0,0,0,0,0,3,11
8082,1971,Graduation,Married,25721.0,1,0,2013-05-21,75,1,3,6,3,6,15,1,1,1,2,7,0,0,0,0,0,0,3,11
5313,1971,Master,Married,38196.0,1,1,2014-04-18,20,30,0,11,0,0,3,3,2,0,4,5,0,0,0,0,0,0,3,11
7699,1969,Graduation,Widow,40590.0,1,1,2013-10-02,30,154,0,50,6,11,37,5,3,4,3,6,1,0,0,0,0,0,3,11
5654,1972,Graduation,Married,36026.0,2,1,2014-03-16,34,20,4,10,6,4,17,2,2,0,3,6,0,0,0,0,0,0,3,11
4547,1960,Graduation,Together,13672.0,1,1,2013-04-17,86,6,2,9,2,1,5,2,1,0,3,8,0,0,0,0,0,0,3,11
6919,1978,2n Cycle,Married,26224.0,1,0,2013-06-04,39,4,7,15,13,9,15,3,2,1,3,6,0,0,0,0,0,0,3,11
9516,1971,2n Cycle,Divorced,49118.0,0,0,2012-08-18,90,620,54,239,99,98,119,2,9,7,10,7,0,1,0,0,1,0,3,11
4607,1959,Graduation,Together,71367.0,0,0,2013-08-23,24,227,23,389,42,21,75,1,4,5,7,2,0,0,0,0,0,0,3,11
3202,1987,PhD,Married,51563.0,0,0,2012-10-01,60,1166,0,48,0,0,36,1,4,4,10,8,0,1,1,0,0,0,3,11
10872,1969,PhD,Married,55212.0,0,1,2012-11-23,65,1103,0,45,0,0,34,3,4,2,11,8,0,1,0,0,1,0,3,11
9291,1959,Master,Married,34242.0,0,1,2014-03-23,25,8,2,4,0,0,1,1,0,0,3,5,0,0,0,0,0,0,3,11
2202,1978,Graduation,Together,41154.0,0,1,2013-04-09,98,44,2,11,2,3,7,1,1,0,4,5,0,0,0,0,0,0,3,11
257,1959,PhD,Married,75032.0,0,1,2013-04-28,74,952,12,180,47,12,12,2,5,4,9,3,0,0,0,0,0,0,3,11
3479,1950,Graduation,Single,16813.0,0,0,2013-07-19,49,4,8,11,12,2,13,1,2,0,3,7,1,0,0,0,0,0,3,11
3006,1976,Graduation,Divorced,30992.0,1,0,2013-04-22,83,17,0,14,7,3,2,1,1,0,3,7,0,0,0,0,0,0,3,11
4168,1966,Graduation,Single,37070.0,1,1,2013-03-20,30,231,7,137,4,15,39,9,5,1,8,7,0,0,0,0,0,0,3,11
1743,1974,Graduation,Single,69719.0,0,0,2014-05-26,99,273,86,208,177,14,43,1,2,3,5,1,0,0,0,0,0,0,3,11
8360,1971,2n Cycle,Married,54690.0,1,1,2013-11-07,76,111,16,37,7,9,18,3,3,1,5,3,0,0,0,0,0,0,3,11
6050,1975,2n Cycle,Married,57036.0,0,1,2012-12-11,33,1171,43,219,19,14,47,4,6,3,13,9,1,0,0,0,0,0,3,11
7108,1965,Master,Widow,51390.0,1,1,2012-09-08,54,205,20,47,23,2,56,6,5,2,5,5,0,0,0,0,0,0,3,11
1388,1975,Graduation,Single,33249.0,1,0,2013-02-20,11,6,10,21,19,14,42,2,2,1,3,6,0,0,0,0,0,0,3,11
3138,1956,Graduation,Single,91249.0,0,0,2012-10-20,84,1324,27,119,71,108,27,0,7,9,6,4,0,1,1,1,1,0,3,11
922,1979,2n Cycle,Married,31086.0,1,1,2013-05-04,79,16,2,11,3,0,16,2,1,1,2,8,1,0,0,0,0,0,3,11
642,1980,Basic,Married,16005.0,1,0,2012-08-14,69,1,3,2,20,30,47,3,2,1,2,8,0,0,0,0,0,0,3,11
2109,1990,Graduation,Single,96843.0,0,0,2013-04-23,60,448,71,951,40,17,17,1,6,11,10,2,0,0,1,0,0,0,3,11
7037,1974,PhD,Married,37087.0,1,0,2013-08-11,50,194,55,134,15,0,3,3,4,2,8,6,0,0,0,0,0,0,3,11
8650,1978,Graduation,Widow,54162.0,1,1,2013-03-18,31,5,6,10,6,5,10,1,1,0,3,4,0,0,0,0,0,0,3,11
5868,1980,Graduation,Married,19107.0,1,0,2013-08-22,49,2,4,9,10,5,16,2,1,0,3,7,0,0,0,0,0,0,3,11
7128,1977,PhD,Single,42997.0,1,1,2013-12-07,91,4,0,5,0,1,5,1,1,0,2,7,0,0,0,0,0,0,3,11
8545,1954,Graduation,Divorced,85683.0,0,0,2014-03-21,6,1296,17,311,45,69,51,1,2,4,10,1,0,1,1,1,1,0,3,11
8852,1976,Graduation,Married,61064.0,0,1,2012-08-31,80,387,126,342,0,45,180,5,8,4,11,6,0,0,0,0,0,0,3,11
7685,1978,Graduation,Married,33039.0,1,0,2013-09-09,4,30,8,12,8,8,12,1,2,0,4,5,0,0,0,0,0,0,3,11
3623,1976,Graduation,Together,21675.0,1,0,2014-06-11,55,4,0,16,17,4,4,3,4,0,3,7,0,0,0,0,0,0,3,11
9426,1964,Master,Single,58308.0,0,1,2013-01-12,77,691,0,69,10,0,130,4,2,6,3,8,0,0,0,0,0,0,3,11
8362,1982,PhD,Married,84169.0,0,0,2013-08-07,9,1478,19,403,0,19,0,1,7,6,6,3,0,1,1,0,0,0,3,11
8207,1957,2n Cycle,Married,53233.0,0,1,2014-03-18,18,28,0,9,3,0,0,1,1,0,3,4,0,0,0,0,0,0,3,11
4698,1983,PhD,Married,50150.0,0,0,2013-06-20,32,135,46,92,65,61,11,2,5,2,7,5,0,0,0,0,0,0,3,11
1619,1956,Graduation,Married,90369.0,0,0,2014-04-28,2,292,51,981,224,23,17,1,4,6,6,1,0,0,0,0,0,0,3,11
2589,1972,Graduation,Divorced,26759.0,1,0,2014-02-07,65,25,3,16,8,5,2,2,2,1,3,6,0,0,0,0,0,0,3,11
11084,1976,Master,Together,65104.0,0,1,2013-11-14,4,738,0,232,13,20,50,2,3,5,7,7,0,0,0,0,0,0,3,11
5180,1968,PhD,Divorced,50616.0,0,1,2014-04-18,56,128,0,16,0,1,4,2,4,0,4,7,0,0,0,0,0,0,3,11
2711,1976,Master,Together,30560.0,1,0,2013-06-27,6,9,1,5,4,5,7,1,1,0,3,7,0,0,0,0,0,0,3,11
3025,1958,Graduation,Single,49967.0,0,1,2013-07-08,4,212,6,69,4,12,3,3,6,1,5,7,0,0,0,0,0,0,3,11
2894,1985,Graduation,Single,72903.0,0,0,2013-10-29,74,1067,138,750,0,19,39,1,7,5,8,4,0,1,1,1,0,0,3,11
4369,1957,Master,Absurd,65487.0,0,0,2014-01-10,48,240,67,500,199,0,163,3,3,5,6,2,0,0,0,0,0,0,3,11
10755,1976,2n Cycle,Married,23718.0,1,0,2013-09-02,76,6,3,14,15,7,36,3,3,1,2,7,0,0,0,0,0,0,3,11
7325,1986,PhD,Together,38197.0,1,0,2013-06-29,86,23,0,11,2,1,3,1,1,0,3,5,0,0,0,0,0,0,3,11
4391,1968,Master,Divorced,63841.0,0,1,2013-04-21,64,635,15,100,20,7,131,1,9,3,9,6,0,0,0,0,0,0,3,11
498,1970,Graduation,Single,30015.0,1,0,2014-02-02,28,25,0,22,2,3,5,2,1,0,4,5,0,0,0,0,0,0,3,11
7532,1980,Graduation,Married,43586.0,0,1,2012-08-30,26,99,2,11,4,0,16,3,3,0,4,8,0,0,0,0,0,0,3,11
10159,1970,Graduation,Divorced,58710.0,0,1,2013-03-31,77,440,81,368,0,122,174,6,11,5,9,6,0,0,0,0,0,0,3,11
236,1951,Graduation,Married,34838.0,1,1,2013-01-19,62,28,23,29,29,14,47,3,2,1,4,6,0,0,0,0,0,0,3,11
10951,1968,Graduation,Married,45688.0,0,1,2014-01-25,20,279,0,18,0,0,9,2,3,1,8,4,0,1,0,0,0,0,3,11
238,1967,2n Cycle,Together,67309.0,1,1,2013-01-23,76,515,47,181,149,95,95,15,9,6,9,7,0,0,0,0,0,0,3,11
7899,1952,PhD,Married,77610.0,0,1,2012-10-29,70,1245,33,332,21,33,16,2,4,7,4,7,0,0,0,0,0,0,3,11
8799,1984,PhD,Married,38175.0,1,0,2013-09-23,6,70,6,69,2,3,3,3,3,1,4,7,0,0,0,0,0,0,3,11
6215,1977,Graduation,Married,31353.0,1,1,2013-12-29,24,10,0,10,3,1,7,2,1,1,2,8,0,0,0,0,0,0,3,11
5610,1965,Graduation,Together,33456.0,1,1,2014-04-21,58,7,3,10,8,1,7,2,1,0,3,7,0,0,0,0,0,0,3,11
11100,1972,Graduation,Divorced,51813.0,1,1,2013-04-11,37,51,2,7,0,1,2,2,2,0,3,7,0,0,0,0,0,0,3,11
1577,1946,Graduation,Married,78569.0,0,0,2014-02-19,14,558,79,622,207,175,95,1,4,6,4,1,0,0,1,0,0,0,3,11
5289,1975,2n Cycle,Single,41658.0,1,1,2012-11-09,30,8,4,12,15,4,29,2,1,1,2,4,0,0,0,0,0,0,3,11
7789,1965,PhD,Married,84618.0,0,0,2013-11-22,96,684,100,801,21,66,0,1,6,9,10,2,0,0,1,0,0,0,3,11
500,1977,Graduation,Together,96876.0,0,0,2013-08-06,79,908,43,735,40,194,21,1,7,7,9,2,0,1,1,1,0,0,3,11
7962,1987,PhD,Single,95169.0,0,0,2013-10-09,1,1285,21,449,106,20,20,1,4,3,4,1,0,0,1,1,0,0,3,11
5794,1974,PhD,Married,46374.0,0,1,2014-03-17,1,408,0,21,0,0,17,3,7,1,7,8,0,1,0,1,0,0,3,11
10634,1951,Master,Married,59412.0,0,0,2014-04-19,56,90,67,165,30,43,11,1,4,2,8,3,0,0,0,0,0,0,3,11
6875,1965,PhD,Together,32727.0,0,0,2012-08-28,38,167,13,180,86,13,70,2,7,3,5,8,0,0,0,0,0,0,3,11
4550,1966,Master,Together,33564.0,0,1,2014-06-24,51,61,0,3,0,0,7,1,1,1,3,5,0,0,0,0,0,0,3,11
3526,1968,PhD,Married,38443.0,1,1,2014-01-27,58,32,0,5,0,0,1,2,1,0,3,7,0,0,0,0,0,0,3,11
7215,1983,Graduation,Single,101970.0,0,0,2013-03-12,69,722,27,102,44,72,168,0,6,8,13,2,0,1,1,1,0,0,3,11
1627,1957,2n Cycle,Divorced,77297.0,0,0,2013-01-26,84,408,61,109,48,122,41,1,5,7,9,4,0,0,0,1,0,0,3,11
17,1971,PhD,Married,60491.0,0,1,2013-09-06,81,637,47,237,12,19,76,4,6,11,7,5,0,0,0,0,0,0,3,11
10446,1957,PhD,Married,82017.0,0,0,2012-11-07,58,184,23,446,30,23,23,1,5,4,7,2,0,1,1,1,0,0,3,11
4290,1972,Graduation,Married,30467.0,1,0,2014-03-19,8,1,3,8,2,5,5,1,1,0,2,7,0,0,0,0,0,0,3,11
6387,1976,PhD,Together,52190.0,1,1,2014-05-08,39,42,0,17,0,0,18,3,2,1,3,5,1,0,0,0,0,0,3,11
523,1989,Graduation,Married,37155.0,1,0,2013-01-31,51,23,0,26,7,15,3,1,2,0,4,5,0,0,0,0,0,0,3,11
4351,1955,Graduation,Divorced,37244.0,1,1,2013-04-27,90,18,2,10,0,0,25,1,1,1,2,7,1,0,0,0,0,0,3,11
